<?xml version = '1.0' encoding = 'UTF-8'?>
<SwingBenchConfiguration xmlns="http://www.dominicgiles.com/swingbench/config">
   <Name>Order Entry (jdbc)</Name>
   <Comment>"Simple Order Entry benchmark using client side jdbc calls"</Comment>
   <Connection>
      <UserName>soe</UserName>
      <Password>soe</Password>
      <ConnectString>//oraclelinux/orcl</ConnectString>
      <DriverType>Oracle jdbc Driver</DriverType>
      <Properties>
         <Property Key="StatementCaching">120</Property>
         <Property Key="FetchSize">20</Property>
      </Properties>
   </Connection>
   <Load>
      <NumberOfUsers>4</NumberOfUsers>
      <MinDelay>0</MinDelay>
      <MaxDelay>0</MaxDelay>
      <QueryTimeout>55</QueryTimeout>
      <MaxTransactions>-1</MaxTransactions>
      <RunTime>0:0</RunTime>
      <LogonGroupCount>1</LogonGroupCount>
      <LogonDelay>0</LogonDelay>
      <LogOutPostTransaction>false</LogOutPostTransaction>
      <WaitTillAllLogon>false</WaitTillAllLogon>
      <StatsCollectionStart>0:0</StatsCollectionStart>
      <StatsCollectionEnd>0:0</StatsCollectionEnd>
      <ConnectionRefresh>0</ConnectionRefresh>
      <TransactionList>
         <Transaction>
            <Id>Customer Registration</Id>
            <ShortName>NCR</ShortName>
            <ClassName>com.dom.benchmarking.swingbench.transactions.NewCustomerProcess</ClassName>
            <Weight>15</Weight>
            <Enabled>true</Enabled>
         </Transaction>
         <Transaction>
            <Id>Update Customer Details</Id>
            <ShortName>UCD</ShortName>
            <ClassName>com.dom.benchmarking.swingbench.transactions.UpdateCustomerDetails</ClassName>
            <Weight>10</Weight>
            <Enabled>true</Enabled>
         </Transaction>
         <Transaction>
            <Id>Browse Products</Id>
            <ShortName>BP</ShortName>
            <ClassName>com.dom.benchmarking.swingbench.transactions.BrowseProducts</ClassName>
            <Weight>50</Weight>
            <Enabled>true</Enabled>
         </Transaction>
         <Transaction>
            <Id>Order Products</Id>
            <ShortName>OP</ShortName>
            <ClassName>com.dom.benchmarking.swingbench.transactions.NewOrderProcess</ClassName>
            <Weight>40</Weight>
            <Enabled>true</Enabled>
         </Transaction>
         <Transaction>
            <Id>Process Orders</Id>
            <ShortName>PO</ShortName>
            <ClassName>com.dom.benchmarking.swingbench.transactions.ProcessOrders</ClassName>
            <Weight>5</Weight>
            <Enabled>true</Enabled>
         </Transaction>
         <Transaction>
            <Id>Browse Orders</Id>
            <ShortName>BO</ShortName>
            <ClassName>com.dom.benchmarking.swingbench.transactions.BrowseAndUpdateOrders</ClassName>
            <Weight>5</Weight>
            <Enabled>true</Enabled>
         </Transaction>
         <Transaction>
            <Id>Sales Rep Query</Id>
            <ShortName>SQ</ShortName>
            <ClassName>com.dom.benchmarking.swingbench.transactions.SalesRepsOrdersQuery</ClassName>
            <Weight>2</Weight>
            <Enabled>false</Enabled>
         </Transaction>
         <Transaction>
            <Id>Warehouse Query</Id>
            <ShortName>WQ</ShortName>
            <ClassName>com.dom.benchmarking.swingbench.transactions.WarehouseOrdersQuery</ClassName>
            <Weight>2</Weight>
            <Enabled>false</Enabled>
         </Transaction>
         <Transaction>
            <Id>Warehouse Activity Query</Id>
            <ShortName>WA</ShortName>
            <ClassName>com.dom.benchmarking.swingbench.transactions.WarehouseActivityQuery</ClassName>
            <Weight>2</Weight>
            <Enabled>false</Enabled>
          </Transaction>
      </TransactionList>
      <EnvironmentVariables>
         <Variable Key="SOE_PRODUCTSDATA_LOC">data/productids.txt</Variable>
         <Variable Key="SOE_NAMESDATA_LOC">data/names.txt</Variable>
         <Variable Key="SOE_NLSDATA_LOC">data/nls.txt</Variable>
      </EnvironmentVariables>
   </Load>
   <Database>
      <SystemUserName>system</SystemUserName>
      <SystemPassword>manager</SystemPassword>
   </Database>
   <Preferences>
      <StartMode>manual</StartMode>
      <Output>swingbench</Output>
      <JumpToEvents>true</JumpToEvents>
      <TimingsIncludeSleep>false</TimingsIncludeSleep>
      <TimingsIn>milliseconds</TimingsIn>
      <StatisticsLevel>simple</StatisticsLevel>
      <OutputFile>results_clientside.xml</OutputFile>
      <Charts DefaultChart="Overview">
         <Chart>
            <Name>Transactions Per Minute</Name>
            <Autoscale>true</Autoscale>
            <MaximumValue>-1.0</MaximumValue>
            <Logarithmic>false</Logarithmic>
         </Chart>
         <Chart>
            <Name>DML Operations Per Minute</Name>
            <Autoscale>true</Autoscale>
            <MaximumValue>-1.0</MaximumValue>
            <Logarithmic>false</Logarithmic>
         </Chart>
         <Chart>
            <Name>Transaction Response Time</Name>
            <Autoscale>true</Autoscale>
            <MaximumValue>-1.0</MaximumValue>
            <Logarithmic>true</Logarithmic>
         </Chart>
      </Charts>
      <AllowedErrorCodes/>
      <RefreshRate>2</RefreshRate>
   </Preferences>
</SwingBenchConfiguration>